abc, 140
supreme court, 67
un, 53
nasa, 46
senate, 45
white house, 39
western australia, 32
abc news, 25
south australia, 19
maxwell, 18
fbi, 17
fda, 17
congress, 17
epa, 16
china australia, 15
taliban, 15
justin, 15
brett sutton, 15
newmarch house, 14
cctv, 13
lincoln, 13
ppe, 13
google, 12
crown, 12
coronavirus queensland, 11
navy, 10
red cross, 10
the white house, 9
microsoft, 8
catholic church, 8
fed, 8
ford, 8
abattoir, 8
sa, 8
oxford, 8
cfa, 7
medicare, 7
meteor, 7
fifa, 7
bryson dechambeau, 7
mcg, 6
gm, 6
daniel andrews, 6
australia post, 6
treasury, 6
abc news quiz, 6
pentagon, 5
boeing, 5
brett, 5
labor, 5
us navy, 5
sunshine coast, 5
house, 5
fox news, 5
cia, 5
lidia, 5
dpp, 5
european union, 5
karabakh, 5
campbell, 4
fox, 4
gold coast city council, 4
eastern, 4
nba, 4
qna, 4
united nations, 4
royal commission, 4
new york times, 4
southern cross university, 4
atar, 4
bbc, 4
woorabinda, 4
coronavirus australia, 4
al kuwait, 4
news corp, 4
sutton, 4
miller, 4
curtin university, 4
elysse morgan, 4
city council, 4
central coast council, 4
jai hindley, 4
hayabusa2, 4
nissan, 3
franklin, 3
army, 3
paraguay, 3
cns, 3
asada, 3
champions league, 3
warner, 3
parliament house, 3
wang, 3
colac, 3
commonwealth bank, 3
toyota, 3
latrell mitchell, 3
julia gillard, 3
al qaeda, 3
nangwarry, 3
mount isa council, 3
cnn, 3
broken hill, 3
oxford university, 3
afl collingwood, 3
kremlin, 3
abc china, 3
cdc, 3
chinese communist party, 3
kevin, 3
indonesia australia, 2
carlton, 2
jenolan caves house, 2
pakistan court, 2
disney, 2
kansas city chiefs, 2
500k, 2
us treasury, 2
khmer rouge, 2
western australia\ncoronavirus, 2
wuhan china, 2
rex airlines, 2
newcastle university, 2
royal perth, 2
box hill, 2
pixie oharris, 2
brisbane house, 2
netball australia, 2
hugh jackman, 2
gold coast council, 2
north sydney council, 2
bristol, 2
surf league, 2
gecko, 2
canberra\ncoronavirus, 2
bay council, 2
oecd, 2
rural australia, 2
pandas, 2
abc indonesia, 2
rex, 2
covid19 india, 2
gold coast street, 2
brisbane city council, 2
amphan india, 2
volkswagen, 2
china national security, 2
hijab house, 2
baz, 2
fiona stanley, 2
university queensland, 2
antifa, 2
nfl, 2
whyalla steelworks, 2
newscorp, 2
china security, 2
abc tv, 2
castle hill, 2
university of queensland, 2
lnp queensland, 2
labor party, 2
nato, 2
daria gavrilova, 2
jacinta allan, 2
liverpool everton, 2
national gallery australia, 2
american tv, 2
afl league, 2
cathay pacific, 2
nlc, 2
kingston hotel, 2
crocodile, 2
perth, 2
liverpool, 2
wellington phoenix, 2
university of new england, 2
gop, 2
melbourne, 2
nicolle, 2
afl richmond, 2
gymnastics australia, 2
upper house, 2
victoria cross, 2
sa coronavirus, 2
victorian healthcare, 2
kimberley, 2
frankston, 2
kodak, 2
wisconsin jacob blake, 2
karratha, 2
vet lukas orda, 2
lancet, 2
lukas orda, 2
irukandji, 2
sa medi, 2
kamala harris mike pence, 2
sunshine coast queensland, 2
para vista, 2
xmas, 2
germany france, 2
state, 2
fig, 2
moon\nchina, 2
canberra house, 2
taiwan australia, 2
the electoral college, 2
bondi house, 2
avalon cluster, 2
bunbury house, 1
brett cripps, 1
hindley street nightclub, 1
currowan\nair, 1
brett sanders, 1
bushfire bureau of meteorology, 1
southern ocean lodge kangaroo island, 1
chinas communist party, 1
palmerston regional basketball association ankle tracker\nphoebe waller bridge, 1
patricia arquette, 1
sunshine coast court, 1
air canada plane, 1
paul virgona, 1
virgona, 1
al asad, 1
queensland australia 1 million, 1
veton, 1
air france, 1
australia\naustralia bushfire, 1
m1 pacific motorway, 1
india mafia, 1
ukraine canada, 1
omeo\nalleged nsw, 1
morrison\ncanberra, 1
murdoch university, 1
kynan lang, 1
meghan\nqueensland, 1
cobham junvenile justice centre\nsaudi cadets, 1
aus, 1
nikkie de jager, 1
news corp fox climate, 1
nsa, 1
newham, 1
machu, 1
victoria\nreserve bank, 1
wall street us china trade deal, 1
catholic church confession mark, 1
qld\nsports club, 1
bridget mckenzie, 1
clayton lang\ngenetically, 1
rolleston, 1
central australia feral cull, 1
australia pacific, 1
propaganda blitz, 1
eden woodchip mill, 1
hail canberra act hailstorm parliament\nhail, 1
ukraine\nimf cuts global economic, 1
canada\nqueensland, 1
canberra hailstorm, 1
australia home insurance rethink, 1
maleny dairies, 1
rosny hill, 1
nathan ellis, 1
coco gauff, 1
cairns crown prosecutor drug, 1
perth australia, 1
peter duttons, 1
afp\ncanberra renter, 1
wells fargo ceo, 1
us canada, 1
thunberg\nusa canadian, 1
australia champions\nlunar, 1
margaret court, 1
kepler, 1
victoria health coronavirus australia, 1
sa australia, 1
scott morrison australia day, 1
stalban\ncoronavirus schools, 1
roy hill, 1
darron macintire assaults, 1
adelaide home\nplane, 1
sports australia, 1
al mucci, 1
rally australia, 1
nsw balranald council, 1
julia creek, 1
safdie brothers, 1
usa gymnastics, 1
the european union\ncamel, 1
alibi climate change, 1
the european union brexit\nvet, 1
arab league holds, 1
new eu geographical centre, 1
wuhan evacuees, 1
joaquin phoenix bafta, 1
baftas, 1
super bowl, 1
kansas city chiefs beat, 1
john cains, 1
the\nair canada, 1
google maps traffic, 1
mt wellington, 1
administration\nrockhampton beheading, 1
bosnia war andrijana, 1
sa\nrockhampton beheading, 1
avo sydney court, 1
super league, 1
fox sports\n, 1
sa3a, 1
cilla, 1
national university\nlandmark yamatji nation, 1
shop broken hill, 1
al qaida, 1
wall street asx, 1
mclaren vale\naustralia, 1
senate crossbench\nfederer, 1
cluster senate, 1
sinn fein, 1
sa ombudsman, 1
karratha airport, 1
grattan institute report, 1
bernie sanders surge, 1
forestry corp refusal, 1
australia qanda, 1
places usa coach eyes, 1
bernie sanders new hampshire democratic primaries\nbernie sanders new hampshire, 1
perth house, 1
the white house\nnicola, 1
quantum entanglement, 1
gras parade\nnews, 1
cameron asic bellamys\nsurviving hell, 1
australia dominic raab, 1
jodie, 1
binna burra lodge, 1
harris, 1
abc valid court, 1
general motors holden management, 1
general motors australia, 1
abc afghan, 1
johnston\nperth festival review week, 1
kokoda veteran dies, 1
cross party, 1
mt morgan palaeontology\nedstart loans covering private school fees target perth\nempty ship, 1
chinas wuhan, 1
pbs, 1
hobart\nmike henry, 1
calf western australia, 1
wall street journal, 1
google\ngermany, 1
sa via, 1
satellite hubs\namani haydar, 1
first australia, 1
sydney\njess hill, 1
google services, 1
camp hill, 1
brisbane court, 1
warner de kock, 1
morialta, 1
central queensland, 1
pomona queensland, 1
kununurra\ntraffic congestion, 1
paul mclean, 1
qld\ngeoffrey robertson, 1
south\nhannah clarke parliament system, 1
hobart\nafl commentator kelli, 1
karratha housing investment project\nrmit abc, 1
qna australia, 1
stan grant, 1
sydney planning controls, 1
anglo pacific group, 1
auschwitz museum\nanz, 1
boq, 1
rod, 1
la trobe university, 1
la trobe university of age, 1
warner smith, 1
meghan canada, 1
shia labeouf, 1
rsl, 1
gold coast beautician, 1
bristol\ngreta, 1
professional league, 1
mount tibrogargan\nrescue, 1
parade\nunion, 1
carlton defeat crows, 1
watford, 1
canberra\nqueensland export beef business stuck, 1
catholic church\nsouth africa, 1
uyghur china, 1
ellyse perry, 1
parliament qanda\n, 1
kea, 1
catholic church\ncoronavirus, 1
freedom house, 1
international air transport association, 1
cull, 1
cameron bancrofts fall, 1
matildas, 1
community\nnews quiz, 1
the white knuckle, 1
westconnex, 1
google street, 1
abc south east, 1
zillmere\ncanberra mental, 1
australia davis cup, 1
ciara\nqueer, 1
allen memoir, 1
vision aus, 1
church qld\nafl season, 1
perth\ncoronavirus, 1
university of tasmania, 1
nba cancels e3, 1
dance academy\neurydice dixons killer jaymes, 1
daniel siluk, 1
menindee, 1
matsoukas daniel kaluuya, 1
antarctica australia, 1
hobart\ndepartment of education, 1
sas, 1
new sa, 1
polaris exit, 1
nigerian mafia, 1
coming australia, 1
supermarket carpark\nschool water safety program, 1
catholic church services, 1
lambley, 1
queensland\ncoronavirus afl, 1
queensland council, 1
control\nreserve bank, 1
lucy barnard colombia\ncoronavirus, 1
naplan coronavirus\nqueensland council, 1
britain nhs, 1
al nicholson, 1
nurseries\ncoronavirus panic buying, 1
bindi irwin, 1
australia\nbindi irwin, 1
coronavirus virgin australia tigerair, 1
sydney international airport, 1
ivf, 1
australia queensland hospitals, 1
fiona clarke\nfruit, 1
ipswich city council, 1
white australia, 1
australia coronavirus test clinic, 1
qna\naussies, 1
coronavirus news corp to suspend, 1
national house, 1
first coronavirus clinic, 1
social workers canberra\ncoronavirus, 1
perth hospital\narts theatre companies australia council, 1
science\nchilean police, 1
coronavirus\nnavy, 1
daniel pearl, 1
canberra\nrefugee doctor, 1
ikaria wariootia, 1
caterpillar, 1
league united front coronavirus\nchief medical, 1
beaches\ncoronavirus queensland, 1
hydroxyl radicals\n, 1
hsbc, 1
apps social distancing hinge bumble\ncoronavirus queensland\ncoronavirus queensland brisbane, 1
catholic church\ngp, 1
crown perth, 1
shira haas, 1
rolfe court, 1
australia council, 1
pete evans, 1
british motorsport, 1
christian jerusalem church, 1
update australia, 1
snl, 1
laila, 1
melbourne primary school, 1
sydney news, 1
perth\ncoronavirus queensland racially, 1
sa broadens, 1
quantum, 1
nicholson, 1
notre dame, 1
cathedral bell, 1
sa pathology privatisation, 1
council\nbrian, 1
cornavirus\nnews corp political, 1
smethurst\nnews, 1
brad hazzard physical distancing, 1
ppe australia, 1
corona australia, 1
canberra home\nabc, 1
ivf national cabinet\ncoronavirus panic buying, 1
cancels birthday uae, 1
china kunming wagga council sister, 1
contact tracing apps, 1
mick keelty, 1
nerrilda, 1
united front\ncoronavirus australia live news national cabinet virgin airlines\ncoronavirus craft boom, 1
newmarch house dies\ncoronavirus update australia, 1
lloyd rayney, 1
uns health, 1
sa education department, 1
australia post services, 1
gold coast, 1
colac otway council, 1
united nations\ncoronavirus fears doctor, 1
coronavirus virgin australia, 1
sa pathology\nsa, 1
ararat, 1
us australia, 1
australia coronavirus administration\nvirgin australia coronavirus administration, 1
mount isa\nvirgin, 1
sydney homeless\nasx, 1
sa\ntoowoomba council breaks, 1
cooperation china us, 1
canberra\ncoronavirus sentinel, 1
aus species, 1
sydney opera house, 1
western australia\nprimex, 1
wwii navy, 1
covidsafe australia, 1
pete evans coronavirus biocharger coronacheck, 1
communities, 1
sa\nafl hubs, 1
citizens australia, 1
poland crusade religion\nforeign correspondent, 1
council\nnotre, 1
newmarch house\nnsw, 1
poland catholic church, 1
qna coronavirus, 1
psychiatric injury\nchina australia, 1
communist party, 1
mayo clinic\ncoronavirus, 1
sa\nnols, 1
sydney metro west rail line\nanz, 1
sa\ninternational quilting community helps, 1
narangba, 1
nullaboo hullabaloo, 1
australian medical association queensland, 1
australia house, 1
nasa satellites, 1
jaguar jonze\ncoronavirus eden, 1
woodford correctional centre coronavirus, 1
charities, 1
sydney newmarch house\ncoronavirus global supply, 1
north south korea, 1
china hid coronavirus, 1
intel, 1
orange juice health star, 1
catholic church\nadelaide university, 1
charles sturt university job cuts, 1
bleach\ncoronavirus australia live news, 1
covid19 china, 1
covid19 russia italy australia, 1
kununurra court, 1
qna china, 1
american cross, 1
rockhampton house, 1
australia names, 1
newman pilbara, 1
queensland care army, 1
pinkerton plains, 1
woodford prison\nunions, 1
venezuela us, 1
canberra news, 1
mike pence, 1
indonesia student australia, 1
the grot dystopian, 1
china australia trade tension, 1
central queensland university, 1
iranian navy, 1
sa health authorities\nafl state, 1
opera house, 1
stan\nbig picture, 1
power australia\ncoronavirus hairstyle, 1
habitat, 1
landcare, 1
adelaide city council, 1
ferrari, 1
qna daniel andrews, 1
hoffie, 1
pan pacific hotel, 1
queensland\ncanberra mental, 1
cba completes bank, 1
shot\ncoronavirus queensland, 1
the australia china\nlessons, 1
authorisation\nqueensland coronavirus, 1
healthcare\nagforce members speak, 1
bcc, 1
aud$49 billion, 1
reservoir, 1
coronavirus\nvirgin australia queensland government investment coronavirus\nwill australia, 1
smith st social, 1
wuhan institute of virology, 1
italy wuhan\ncoronavirus update, 1
national capital authority, 1
yorke peninsula council, 1
sophie matterson, 1
wwii, 1
sa murray mallee, 1
villa maria aged care bundoora, 1
china barley, 1
kingscliff rsl memorabilia, 1
carrickalinga house\npacific highway, 1
sa dog fence rebuild, 1
carrickalinga house, 1
canberra\ncoronavirus update, 1
pavlou university of queensland, 1
abc ian verrender, 1
abc regional queensland, 1
customs house, 1
rah, 1
chris puglia brisbane joyner, 1
wuhan, 1
bank of england, 1
chinas annual, 1
fgm somalia, 1
sunshine coast lifeguard domestic violence incident\nsuperannuation, 1
fiona kotvojs, 1
pakistan airline, 1
brad hazzard announces, 1
melbourne australia, 1
new york times memorial day, 1
laidley downfall, 1
gilberton\nmike, 1
cannon hill, 1
kununurra police, 1
western australia coastline, 1
maddingley, 1
jusge court\nnsw, 1
australia china, 1
us state department\nchina, 1
scott morrison, 1
australia court, 1
mount isa, 1
macksville, 1
sydney school waverley college\nnsw, 1
sekisui house development planning court, 1
school\nafl toby greene, 1
manyana housing development\nflame, 1
national security law china, 1
pimpama\nperth school rethinks report cards, 1
pope frances, 1
hongkong national security, 1
daniel carrington, 1
extradition defence huawei canada, 1
news corp cuts, 1
manyana, 1
air minneapolis, 1
mackay news corp, 1
animal reserve\nfinley, 1
trainee sniffer dog, 1
palfreeman court, 1
wwi\nqueensland government, 1
sunsets queensland, 1
trans australia, 1
catholic country church family childhood, 1
msnbc, 1
mint\nunited states, 1
minnesota ag, 1
sunshine coast university, 1
payne haas, 1
australia\nqueensland, 1
national guard, 1
western sydney airport metro, 1
eddie jones, 1
houston crowds, 1
knox, 1
la trobe university rmit coronavirus, 1
tough quad bike, 1
china national security law\nboris johnson, 1
pilbara\ncanberra, 1
abc television\ncentury old, 1
fame\nellinbank league sets football deadline, 1
export\nkensington, 1
el nasher, 1
morrison modi virtual meeting, 1
alan alda news, 1
australia coronavirus superannuation, 1
cepi\ncoronavirus, 1
al, 1
parramatta\nnsw government, 1
gold coast school\nreddit, 1
ohanian resigns board black replacement, 1
kimberley big cats zoo, 1
waifs, 1
wyatt delivers monologue, 1
broken hill south australia, 1
equestrian australia, 1
sa covid 19 restrictions lifted\nflinders university sam elliot afl, 1
wyatt delivers, 1
murchison community house, 1
big w\npolice, 1
canberra pastor court, 1
the white house\ndrought, 1
wwc2023, 1
manjimup football season, 1
houston church, 1
green julia, 1
australia\nvirgin, 1
hunan wuhan\nchina, 1
swan hill council\nfree, 1
grafton rex airline, 1
philip morris, 1
collingwood richmond, 1
morrison international, 1
wall st australian dollar, 1
battle house, 1
afl\nmildura airport, 1
uns sister, 1
july1, 1
brooks shot police, 1
orange mine blast, 1
northern australia, 1
adem somyurek branch stacking, 1
wellington\nbernard collaery, 1
quoiba, 1
cricket australia, 1
adem, 1
nightspots, 1
liason office\nnsw, 1
thirroul austinmer, 1
binna burra road, 1
kashmir\nchina communist party, 1
china india border row, 1
adem somyurek, 1
chamber of commerce\ngold coast village, 1
united star, 1
nilsson smart watch, 1
salvation army corp puts, 1
victoria labor party, 1
wellington council, 1
afl fremantle, 1
mcg\nafl, 1
wagga city council, 1
india\nararat council, 1
bourke council, 1
culcairn\ncsu, 1
olympique lyonnais, 1
western australia\npostgraduate university, 1
china spy agency, 1
canberra church, 1
qld\nsatellite images, 1
presser australia, 1
tawanda, 1
australia\ncoronavirus, 1
collingwood carlton, 1
grattan institute, 1
crown sydney\nmfs, 1
philip lowe rba reserve bank, 1
joyce productivity commission, 1
launcestons carr villa cemetery, 1
premier league\nburnley, 1
debbie combargno, 1
perth afl, 1
pilbara golf club, 1
landmark\nstonehenge england, 1
nbc, 1
abc life, 1
coast council, 1
gold coast university, 1
brooks\nmsf sugar, 1
pakistan air, 1
grafton nsw, 1
australia new zealands womens, 1
north koreas, 1
collingwood geelong, 1
north east football league cancels, 1
ballarat her majestys theatre ballarat\nriversleigh fossil exhibit, 1
qantas, 1
fordham, 1
victoria\nabc news, 1
ita buttrose letter, 1
accept australia, 1
council\ncanberra mortage broker, 1
queensland\ncross, 1
news corp printing press, 1
covid19 usa, 1
victoria\ncoronavirus australia news victorian, 1
allegations ag department\nfacial recognition technology, 1
longley hotel, 1
nine news corp, 1
flair richmond, 1
quoiba saleyards\nfood, 1
chinas npc, 1
richmond afl, 1
moora, 1
congress\nbundaberg council, 1
australia cancels zimbabwe, 1
daniel andrews coronavirus press conference key moments, 1
barton highway\neden, 1
nsw koalas, 1
chinas new national security, 1
shenhua liverpool, 1
louisiana abortion clinic law\nstark, 1
afl perth, 1
american comedian, 1
collingwood\ncoronavirus afl players, 1
covid19 australia european union, 1
queensland court, 1
nsw australia, 1
news corp regional newspaper, 1
afl essendon, 1
covid19 us daily cases passes 50000, 1
rozelle, 1
jean castex, 1
west australia, 1
erawondoo hill, 1
philippines\ncluckingham palace, 1
istanbul court\ngeelong, 1
boomerang\ncanberra during, 1
naegleria fowleri, 1
china\ndepartment, 1
deloitte, 1
the catholic church, 1
stanford university, 1
california\ntransport safety watchdog, 1
hanson qna\ncoles, 1
deutsche bank, 1
indonesia australia free trade university exchange, 1
nsw queensland, 1
al taqwa college, 1
australia international arrivals during, 1
sa parole, 1
grey nomad, 1
kimberley bushfire, 1
naya rivera, 1
abc news brisbane, 1
afl geelong, 1
turbine\nnews quiz, 1
canberra\nnotre dame, 1
seoul, 1
sanfl budget, 1
mount barney, 1
erdogan hagia sophia, 1
wooli nsw beach, 1
grey queensland, 1
lincoln rsl museum, 1
kimberley\ncanberra, 1
kelly preston, 1
paul kenny rapid, 1
european champions league ban\n, 1
aviation museum\nqueensland, 1
centenarian\nwarrnambool council, 1
al taqwa coronavirus outbreak, 1
ssm qna\njulia gillard, 1
julia gillard qna covid, 1
nangwarry house, 1
non queensland, 1
sa mp troy bell, 1
cbs, 1
hars museum\nnaya, 1
glee creators, 1
josey college fund, 1
final\nantarctica, 1
final\ncoronavirus queensland, 1
dow europe stocks rise, 1
exxon valzez, 1
paul marsh, 1
wedderburn, 1
benalla\nmonsoon, 1
australia coronavirus supplement jobkeeper, 1
mandate australia, 1
air\nabc news, 1
unions\ncoronavirus queensland army, 1
sydney house, 1
rowdy party, 1
abc news channel, 1
olsen filipaina rugby league, 1
publican faces court\namber heard, 1
relocate\nnews corps, 1
bandt qna abc, 1
australia records highest, 1
nasdaq wall street\n, 1
serbia australia, 1
kununurra flights, 1
nell, 1
mervyn bell, 1
newcastle jets aleague premiers, 1
national museum\ntassie volunteers make, 1
western bulldogs afl, 1
chinese navy, 1
nazi crimes\ngold coast actors, 1
melbournes southern cross, 1
birmingham city, 1
china uyghur, 1
australia\ncommunity, 1
sa strengthens hard, 1
sa\nun, 1
armadale\nchinese communist party, 1
marsupial breeding\nexplainer, 1
sydney church services, 1
australia coronavirus budget, 1
clarkson accidental orange grower\n, 1
villa, 1
apps apple google, 1
meet riley stewart mount isas, 1
104, 1
champions league bournemouth watford, 1
texas hanna, 1
outback queensland, 1
gunn point future, 1
nols, 1
derby\nqueensland historic sandra creamer, 1
9pc\nqueensland police promotions, 1
carat, 1
new corp editions, 1
canberra\nchannel, 1
treaty canada australia, 1
sa parole board, 1
china warn australia, 1
covid19 madrid, 1
sa vic cross, 1
victoria coronavirus press conference key moments, 1
yetholme\nfiona, 1
gympie council budget job, 1
tallest giraffe australia, 1
animal justice party, 1
sun cables australia, 1
falcon, 1
300k, 1
australians power ahead, 1
united defeats perth, 1
united smash perth, 1
carlton\nafl, 1
botswana mystery mass, 1
news corp board, 1
95yo perth, 1
roseveras, 1
pip canterbury\nnsw, 1
rocky hall, 1
menzies council, 1
bundaberg boutique\nfederal government, 1
ningaloo, 1
council\nqueensland, 1
queensland liberal national party, 1
sa cross, 1
china australia relations foundation, 1
latrell mitchell pleads guilty coronavirus, 1
al jazeera, 1
sos, 1
microsoft australia, 1
bundaberg\nafl ruckmen nic, 1
kokomos, 1
brett braddock, 1
perth hospitals\n, 1
james morrison academy, 1
sa coronavirus community transmission, 1
elizabeth north incident, 1
ice hockey\ncanberra news, 1
nasdaq wall street asx, 1
grafton flights, 1
rosa maione, 1
western queensland, 1
avian influenza, 1
johns college, 1
martin, 1
mcg afl grand, 1
epic canberra, 1
kumi taguchi, 1
uk migrants england cross border channel, 1
china bubonic, 1
namatjira, 1
covid19 india record daily, 1
daniel andrews coronavirus press conference\nkiama, 1
perth mint, 1
sa crossbench, 1
abc radio canberra\nact, 1
future australia\ncoronavirus reliability, 1
kenilworth, 1
victorian cross, 1
portland glenelg council\ncoronavirus australia live news, 1
sa\ncoronavirus queensland zero, 1
cobar, 1
gulf council, 1
neymar paris, 1
champions league\nnorth, 1
australians fed, 1
champions league\nqld, 1
brisbane highgate hill, 1
redfern, 1
blitz geelong ballarat, 1
tina reddrop, 1
united kingdown, 1
vaccine usa, 1
australia us, 1
adrian trett, 1
launceston church grammar school staff, 1
riverina canola, 1
hill court, 1
coronavirus\ncanberra act, 1
gold coast\ncoronavirus, 1
chilean honey, 1
kevin proctor, 1
multicultural coronavirus clinic\nserena, 1
western sydney rsl, 1
canterbury newcastle, 1
jacinda ardern, 1
johann zarco, 1
australia news media code\nhenry richard hammond, 1
the democratic national convention, 1
manyana housing development, 1
troy bell, 1
wilson security, 1
oxford astrazeneca coronavirus, 1
kiribati, 1
lebanon badri daher customs, 1
mfs, 1
sydney news nsw, 1
abc qna\nziggy ramo, 1
final\naustralia, 1
times\ncanberra liberals, 1
cairns hotels queensland resorts, 1
australia\nhannah clarke, 1
barcelona, 1
murrayville, 1
south australia vet, 1
united states postal, 1
un security council, 1
wuhan pool party, 1
alan bond bell group, 1
obama democratic national convention day, 1
oxford\n, 1
flinders university, 1
pioneer, 1
qantas airline, 1
white shark sharks, 1
frankston rehabilitation centre\ncoronavirus, 1
victoria\ndemocratic national convention live coverage, 1
injury australia, 1
julia louis dreyfus, 1
dnc\njulia louise dreyfus, 1
queensland reds beat western, 1
assistance usa\ncalifornia, 1
australia\ncanada, 1
coronavirus update australia, 1
marriott hotel\nnsw, 1
western united beat, 1
national trust clarendon house, 1
royal troon\nnorth, 1
the champions league\nbeating, 1
safety\ncanberra children fearful of bushfire, 1
sa coronavirus recovery, 1
the republican national convention\nicare, 1
hobart city council, 1
afl tribunal, 1
wilfred gowa\nben, 1
storm\ncanberra children waiting, 1
canberra\ncanberra, 1
care australia crisis, 1
the republican national convention, 1
kenoshan wisconsin, 1
rnc\nkyron gosse, 1
lion dairy china mengniu, 1
kni, 1
nannup tulips, 1
npr emu, 1
american airlines\naustralia, 1
bbc proms, 1
frankston hospital, 1
cluster\ncoronavirus queensland, 1
school\nkentucky, 1
barcelona\nmelania trump covid, 1
boutique canberra, 1
condemn league, 1
national press club, 1
united states landfall, 1
nba\nminer terramin, 1
tasmania community health services, 1
oxford uq australia coronavirus vaccine differences\npence, 1
wisonsin\nqueensland, 1
the bureau of meteorology, 1
scandal\nvirgin australia buyer, 1
new newman catholic college, 1
republican national convent\nannastacia palaszszuk, 1
gold coast\ncoronavirus update, 1
oxford queensland\ndam, 1
louisiana us, 1
australia\nnews, 1
yuendumu\nqueensland coronavirus nsw, 1
us central bank, 1
giants, 1
australia national coronavirus, 1
mildura council candidate withdraws citing, 1
melbourne house, 1
bmw, 1
mtv, 1
queensland university, 1
sarah holland batt, 1
the china trade war, 1
de france, 1
bruce house, 1
julia, 1
arthur gorrie correctional centre, 1
new aus research finds honey bee, 1
bonnyrigg home\nnsw queensland, 1
brisbane gabba\nafl ceo, 1
brisbane gabba\nafl gabba grand final, 1
canberra hospital, 1
frydenberg australia, 1
erick morillo, 1
israel supreme court, 1
koalas\nmurdoch university, 1
bench\naustralia recession budget josh frydenberg national accounts\naustralia, 1
china australia deteriorating trade diplomatic, 1
colonial army, 1
hobart\ngratten institute australia, 1
cholera, 1
japan coast guard, 1
the west coast eagles, 1
townsville locksmiths, 1
virgin australia creditors, 1
china japan queensland vet lukas orda\nnathan cleary, 1
agree ag, 1
afl grand final australia post, 1
lewisham house, 1
hill, 1
barcelona\nmarkets report, 1
china\nunion, 1
council of australia, 1
bay school, 1
golden point eels, 1
sa health\nsports, 1
queensland labor, 1
bees nectar, 1
pakistan new home, 1
abc china australia, 1
beijing bureau, 1
gaven morris\n, 1
sydney australia, 1
australia grassroots, 1
mount isa pastor\ngender reveal party, 1
sa parliament\nnovak, 1
the world\nqueensland, 1
regional queensland rockhampton\nsa, 1
morley house perth, 1
corinne rey court, 1
justice\nchina australia relations abc, 1
nathan cross, 1
kgari, 1
sa legislative council, 1
cctv footage nathan cross, 1
china australia trade dispute, 1
social group, 1
jean carroll\ndunoon dam, 1
hesta, 1
house\nqueensland, 1
apple microsoft\naustralia china embassy investigation journalists, 1
abc\naustralia, 1
corporate australia, 1
australia triathlon, 1
queensland lukas orda, 1
perth rental properties\nseafood waste, 1
w league, 1
omeo\ncongo gold mine collapses, 1
moon pottery\ndaniel, 1
jbs australia, 1
jordan army, 1
jess cerro, 1
martinez, 1
lloyd bendall, 1
concord\nnsw liberals, 1
tottenham\ncanberra liberals, 1
collingwood clinches afl, 1
coronavirus australia news nsw, 1
roglic\nengland defeats australia, 1
erebus, 1
singapore airlines, 1
army court martial, 1
koonibba\naustralian, 1
victoria\ncanberra coronavirus restrictions loosen, 1
cnh, 1
workexploit4 1108, 1
jos house, 1
oxford research, 1
lilydale\npolice, 1
western sydney women, 1
united australia party, 1
australians international flight cap, 1
venezuela maduro, 1
warrnambool city council, 1
gwalia gold mine\nbushfire, 1
juukan gorge royal commission, 1
elysse morgan\ngreece, 1
jaxson paulos foot touches, 1
new york university, 1
sa mental health, 1
airservices australia, 1
newton, 1
afl western bulldogs beat fremantle, 1
amanda, 1
dap panel shire, 1
perth city council, 1
white house\npolice, 1
albany sharks football club, 1
albany sharks, 1
australia new energy, 1
kingscliff, 1
university of tasmania\ndr boffa, 1
de france australian richie porte, 1
white\ncanberra liberals, 1
malka leifer extradited, 1
superforex, 1
sa coronavirus transition committee, 1
strahan, 1
bee honey forest industries, 1
times\ncanberra, 1
americas courts, 1
nasa27s, 1
john kable, 1
western highway ararat, 1
criminal\naustralia, 1
brett hankison wanton, 1
afc champions league\ncoronavirus, 1
frydenberg labels keatings, 1
kentucky ag, 1
margrel, 1
mmg, 1
claremont, 1
northern grampians council, 1
taser death\nact, 1
chris dawson court, 1
elysse morgan\nfriendships, 1
western australia\ngovernment, 1
leonora western australia, 1
jemma mi mi helps queensland firebirds record, 1
diamond league\nmilitary plane carrying air force cadets, 1
capitol, 1
uow students develop, 1
bruce highway, 1
dja dja, 1
brisbane gabba for afl grand final qld\nqantas, 1
eastern australia, 1
earthbag house bawoorrooga family, 1
frydenberg daniel andrews school mental, 1
qna chinas carbon, 1
us\nada australia public advocate, 1
leg\naustralia, 1
catholic william wade, 1
xing\nqueensland, 1
wyatt, 1
ecuadorian embassy2c uk court, 1
samoan, 1
kewpie, 1
sa\nhouse prices rents, 1
govt boost australia, 1
johns hopkins, 1
kununurra aviation, 1
juukan\nrsl, 1
southern western australia, 1
catholic church\nvictorian, 1
western queensland\nact, 1
prices australia\ncrowds, 1
elysse morgan\ngeraldton, 1
the white house\nillawarra, 1
australia\nnews quiz, 1
safe house, 1
airbus, 1
kimberley drone, 1
karabakh ceasefire\naustralia defeats, 1
jodie kenny, 1
big bang, 1
govt, 1
adam morris, 1
tottenham\npublic service, 1
fnq\ncanberra, 1
eastern brown snake, 1
canberra clare, 1
holland house, 1
mcg\naustralian federal budget, 1
jana favero federal budget australia humanitarian refugee intake\n, 1
berrima canola, 1
clukan boabab, 1
ethiopia letesenbet gidey, 1
mca, 1
semis tsitsipas\nnsw blasts queensland, 1
orford, 1
meghan markle, 1
icu box hill, 1
nasa osiris rex, 1
bushfire seaon\nnews quiz, 1
webbstar, 1
latu court, 1
perth council, 1
inquest solemn gift, 1
michigan militia, 1
china\nfederal budget, 1
perth city, 1
curtin university wa police\n, 1
senate united states, 1
tabcorp, 1
twice\ncurtin university, 1
melbourne canberra\nnsw, 1
brett forte, 1
saunders street clinic, 1
anglo coal mine queensland, 1
anti china, 1
bcc\ncoronavirus australia live news, 1
eli lilly, 1
maxwell us, 1
auslan queensland, 1
the\njacqui maley, 1
michelle stitt court, 1
v8, 1
jayne hrdlicka, 1
aer chair, 1
cambodia violet factory, 1
caroline dela, 1
nilsson, 1
elysse morgan\n, 1
new queensland, 1
healthcare workers mental health, 1
sydney news coronavirus, 1
lion st, 1
greatness\nafl grand final tickets general public sale gabba brisbane\nafl jeremy, 1
lowy institute asia power, 1
sydney news oran park coronavirus cluster, 1
abbott knights, 1
shaw canberra, 1
bruce highway crash, 1
final\nbroken hill, 1
orionid meteor, 1
babinda, 1
cox plate, 1
riverina spark, 1
lgbt\nnigeria, 1
toyah cordingley north queensland, 1
google breakup, 1
pakistan spark, 1
australia pacific visa climate, 1
australia post gifted, 1
giro ditalia joao almeida, 1
penrith\ncanberra magistrate, 1
martin place\nconjola bushfire recovery committee, 1
balga home, 1
qld zillmere, 1
australia post chair, 1
elysse morgan\ngeorge floyd, 1
kingston, 1
victoria coronavirus preston school broadmeadows daniel andrews, 1
maxwell court, 1
the havana, 1
mcdonald stalker case\nmarcus rashford free school meals, 1
vatican australia, 1
afl gf celebrations, 1
the giro ditalia, 1
final richmond\nemergency search, 1
khabib nurmagomedov, 1
coca cola amatil, 1
barretts supreme court, 1
sa outback reserve\nbox hill, 1
kimberley covid, 1
albany perth\nwada, 1
khawlah, 1
coe\ncapel police station, 1
the university of queensland, 1
nilsson court, 1
brandy hill quarry, 1
kyle daniels, 1
nasa lunar, 1
arc de triomphe, 1
mcg summer, 1
lion justin clarke, 1
england\nmegan evans, 1
freckington nsw, 1
typhoon molave lashes, 1
western highway, 1
supreme coney barrett australia, 1
alex, 1
carpentaria\nbathurst council, 1
maldon street, 1
elysse morgan\nfuture of, 1
abc us, 1
coin\ndaniel morcombes, 1
melbourne cup, 1
annastacia state, 1
harris punish south australia, 1
lyon\ngarrangali band, 1
marcus harris, 1
nathan buckley, 1
swepson, 1
afganistan terror, 1
china broadens, 1
australia alliance, 1
narrabundah house, 1
qe\nrba, 1
house of representatives\ndonald trump, 1
nancy pelosi house, 1
sydney news australia, 1
hornsdale power reserve, 1
italy milan, 1
phoenix us, 1
publican bojangles, 1
gold coast\nqueensland, 1
detroit vote counting, 1
elysse morgan\nfull speech, 1
join australia indo pacific south china sea\ngold coast cheque scam police queensland, 1
danni, 1
ethiopian pm, 1
hurford, 1
australia\ncrowds, 1
interview bbc, 1
castle incident\nchina, 1
roma street brawl, 1
daniel yocks, 1
australia netball, 1
inclusion australia, 1
georgia senate\nstate, 1
atherton museum\nsurvey, 1
karabakh shusha shushi, 1
callan sinclair, 1
laynhapuy, 1
homelands review, 1
canberra court\npacific islanders, 1
australia first, 1
canberra jail, 1
the white house\nbushfire smart garden explainer, 1
nanae harada, 1
mount gambier rsl, 1
noosa council, 1
nsw central coast council, 1
australia test squad, 1
noosa council backflip\nbeijing, 1
arlington national, 1
victorian health department\nlaurie, 1
abortion clinics, 1
miller michaelia, 1
california 1 million, 1
elysse morgan\ngarner, 1
suu kyis party, 1
agl, 1
australia canberra, 1
han shiong siah, 1
hydrogen\nwwii plane, 1
argentina pumas rugby union, 1
canada conservative, 1
doctorate university of queensland\nmotion, 1
noonamah stuart highway, 1
rest house, 1
collingwood nathan buckley, 1
jos, 1
sa coronavirus outbreak\n, 1
sa\nasio, 1
virgin australia, 1
italy stromboli, 1
hurricane iota\nnsw, 1
chef pete evans cartoon, 1
bundaberg council, 1
european court of human, 1
new virgin australia, 1
sydney news health budget shortfall, 1
the afp trade union taskforce, 1
smeaton grange distribution, 1
china\ncoronavirus australia, 1
bloomfield mental health service\nfederal government, 1
bunbury, 1
bussell highway capel, 1
elysse morgan\nfruit picking school students, 1
cashmore\nmalmsbury beekeeping program, 1
citrus australia, 1
nolb, 1
brett sutton elimination, 1
vaccine\ncanberra guitar student, 1
china\ncanberra, 1
limbunya, 1
coolah\nchina, 1
commonwealth stoush, 1
sa cho, 1
china us australia indo pacific, 1
christophe dominici france, 1
stanford, 1
cripps, 1
brett whiteley, 1
cfa v hazelwood over mine fire\nchallenging perception cybersecurity, 1
jinping congratulates, 1
queensland bureau, 1
telcos\niran, 1
leeor united football club, 1
brisbane airport aviation safety\nkylie moore, 1
miraz, 1
caboolture traffic incident, 1
vista, 1
linford queensland police firearms\ndhurringile primary school, 1
elysse morgan\ngeelong doctor shafiul, 1
orange nsw, 1
canberra airport australia, 1
sturgeon scottish national party, 1
western united, 1
super league grand, 1
super league final, 1
china wto, 1
currumbin valley exotic pet vet, 1
supreme leader, 1
vision australia, 1
carpet wrap\nabc, 1
kambah canberra, 1
russia australia war crimes, 1
free india australia, 1
ozanam house, 1
groin, 1
argentina national rugby union, 1
chinese foreign ministry australia war crimes report, 1
coronavirus australia live news, 1
get asian champions league, 1
sa transport minister, 1
ballarat\npenny wong, 1
sydney\nqueensland, 1
federal department environmental, 1
athletics australia, 1
arbib\naustralia, 1
lijian\nchina australia, 1
moon\nchinas, 1
tambellup, 1
juno umbrella academy, 1
mt isa vinnies, 1
stockholm apartment\nnew, 1
helensburgh, 1
the\naustralia, 1
somewhere\nballarat council, 1
abc disability, 1
georgia senate runoff, 1
justin yerbury catalyst, 1
nhmrc\nmoira shire councillor, 1
tim flannery condemns, 1
united states navy, 1
us justice department, 1
navys 1st, 1
glacier\nvirgin workers, 1
amsterdam\namericas cup, 1
nazi germany, 1
bay pfas, 1
sa coronavirus response future contact tracing\nuk, 1
bristol kills, 1
wisconsin court, 1
gangstas paradise, 1
china parliament house, 1
scottish group, 1
uk european union, 1
central australia\nabc, 1
parker isaacson\n, 1
japanese hayabusa2, 1
dashwood\npenny, 1
oxford astrazenecas, 1
netflix, 1
ceduna\nsergio perez wins, 1
simon birmingham, 1
wada sport integrity australia, 1
school central queensland, 1
sa vet, 1
wada, 1
shepparton super school, 1
bulldogs afl, 1
perth practice\nnew ir reforms,'
van dairy, 1
west byron housing development, 1
big bash league, 1
china australia trade war, 1
lloyd austin, 1
west gate tunnel, 1
watch house\nqueensland, 1
united nations\nabc news quiz, 1
china smile, 1
elysse morgan\ngippsland, 1
metro tunnel, 1
peter rathjen utas, 1
steepest street bristol street art\nbom brisbane rain south east queensland, 1
pfizer australia, 1
cipher\nmuslim cultural, 1
cobar nsw, 1
victorian health department, 1
coast\naustralia india burns, 1
barker college, 1
capital hill, 1
shepparton\nun, 1
national motor museum birdwood\n, 1
aus\none plus one, 1
house\npolice rescue, 1
super league\nsouth korea, 1
storm queensland swell, 1
biden secures electoral college, 1
cleveland indians baseball, 1
elysse morgan\nus, 1
big ram trailer, 1
canberra kelkiah, 1
safety\ncanberra, 1
professional misconduct\ndrug, 1
plane redcliffe brisbane queensland police\nduke, 1
north\nparamedic union, 1
elysse morgan\nwestern australia, 1
johns, 1
pakistan zoo, 1
avalon rsl, 1
springs court, 1
pacific highway, 1
loxton student scores, 1
joe biden mike pence, 1
aus dollar bitcoin, 1
hunan zhejiang, 1
australia\ncoronavirus australia live news, 1
major league baseball\nice, 1
countrys coronavirus, 1
wuhan stigmas, 1
mujinga kahigi, 1
japan mauritius, 1
world australia, 1
sa nsw, 1
avalon\nuluru, 1
abc radio news, 1
antarctica\ncoronavirus queensland, 1
later\nfoley, 1
camooweal, 1
lamb house, 1
council\nrichmond afl, 1
us house, 1
african cup, 1
ivf fertility clinic\nclimate, 1
russia nsw, 1
bbl\nperth urban wetlands, 1
aboriginal corp\ncourt, 1
listeria\nqueensland news briefing\nreceptionist, 1
preview australia india mcg, 1
european commission, 1
gisela kaplan research\nboxing day, 1
avalon cluster\ncoronavirus lockdown, 1
mcg\nlyubov sobol ally, 1
perth cbd bank, 1
alarm bell, 1
serpentine airfield, 1
nye, 1
mcg boxing day, 1
warner australia, 1
city premier league, 1
big bell, 1
vet ram sedation, 1
china southern airlines, 1
oxford astrazeneca covid, 1
advance australia, 1
the uk\nbrexit, 1
citizens\nbyron crowds, 1
football australia, 1
